-- You can use this file to load seed data into the database using SQL statements
insert into Users (id, version, email, login, password, website, active) values (1000,0,'admin@jawesa.com','admin','admin',NULL, true)
insert into Users (id, version, email, login, password, website, active) values (1001,0,'user@jawesa.com','user','user',NULL, true)
insert into Role (id, version, hidden, namelabel, readonly, slug) values (1000,0,FALSE,'[fr_FR]Admin Fr[/fr_FR][en_US]Admin En[/en_US]',FALSE,'admin')
insert into Role (id, version, hidden, namelabel, readonly, slug) values (1001,0,FALSE,'[fr_FR]User Fr[/fr_FR][en_US]User En[/en_US]',FALSE,'user')
insert into PermissionGroup (id, version, orderBy, nameLabel) values (1000, 0, 0, '[fr_FR]Général[/fr_FR][en_US]Main[/en_US]')
insert into PermissionGroup (id, version, orderBy, nameLabel) values (1001, 0, 1, '[fr_FR]Sécurité[/fr_FR][en_US]Security[/en_US]')
insert into PermissionGroup (id, version, orderBy, nameLabel) values (1002, 0, 2, '[fr_FR]Tag[/fr_FR][en_US]Tag[/en_US]')
insert into Permission (id, version, action, target, descriptionlabel, hidden, readonly, permissionGroup_id) values (1000,0,'do','all','[fr_FR]Tout faire ![/fr_FR][en_US]Do all ![/en_US]',FALSE,FALSE, 1000)
insert into Permission (id, version, action, target, descriptionlabel, hidden, readonly, permissionGroup_id) values (1001,0,'create','permission','[fr_FR]Tout faire ![/fr_FR][en_US]Do all ![/en_US]',FALSE,FALSE, 1001)
insert into Permission (id, version, action, target, descriptionlabel, hidden, readonly, permissionGroup_id) values (1002,0,'read','permission','[fr_FR]Tout faire ![/fr_FR][en_US]Do all ![/en_US]',FALSE,FALSE, 1001)
insert into Permission (id, version, action, target, descriptionlabel, hidden, readonly, permissionGroup_id) values (1003,0,'read','hiddenPermission','[fr_FR]Tout faire ![/fr_FR][en_US]Do all ![/en_US]',FALSE,FALSE, 1001)
insert into Permission (id, version, action, target, descriptionlabel, hidden, readonly, permissionGroup_id) values (1004,0,'edit','permission','[fr_FR]Tout faire ![/fr_FR][en_US]Do all ![/en_US]',FALSE,FALSE, 1001)
insert into Permission (id, version, action, target, descriptionlabel, hidden, readonly, permissionGroup_id) values (1005,0,'edit','readOnlyPermission','[fr_FR]Tout faire ![/fr_FR][en_US]Do all ![/en_US]',FALSE,FALSE, 1001)
insert into Permission (id, version, action, target, descriptionlabel, hidden, readonly, permissionGroup_id) values (1006,0,'delete','permission','[fr_FR]Tout faire ![/fr_FR][en_US]Do all ![/en_US]',FALSE,FALSE, 1001)
insert into Permission (id, version, action, target, descriptionlabel, hidden, readonly, permissionGroup_id) values (1007,0,'delete','readOnlyPermission','[fr_FR]Tout faire ![/fr_FR][en_US]Do all ![/en_US]',FALSE,FALSE, 1001)
insert into Permission (id, version, action, target, descriptionlabel, hidden, readonly, permissionGroup_id) values (1008,0,'spy','user','[fr_FR]Tout faire ![/fr_FR][en_US]Do all ![/en_US]',TRUE,FALSE, 1001)
insert into Permission (id, version, action, target, descriptionlabel, hidden, readonly, permissionGroup_id) values (1009,0,'lock','permission','[fr_FR]Tout faire ![/fr_FR][en_US]Do all ![/en_US]',FALSE,TRUE, 1001)
insert into Permission (id, version, action, target, descriptionlabel, hidden, readonly, permissionGroup_id) values (1010,0,'read','tag','[fr_FR]Tout faire ![/fr_FR][en_US]Do all ![/en_US]',FALSE,FALSE, 1002)
insert into Permission (id, version, action, target, descriptionlabel, hidden, readonly, permissionGroup_id) values (1011,0,'create','tag','[fr_FR]Tout faire ![/fr_FR][en_US]Do all ![/en_US]',TRUE,FALSE, 1002)
insert into Permission (id, version, action, target, descriptionlabel, hidden, readonly, permissionGroup_id) values (1012,0,'delete','tag','[fr_FR]Tout faire ![/fr_FR][en_US]Do all ![/en_US]',FALSE,TRUE, 1002)
insert into users_role (users_id, roles_id) values (1000,1000)
insert into users_role (users_id, roles_id) values (1001,1001)
insert into role_permission (role_id, permissions_id) values (1000,1000)
insert into role_permission (role_id, permissions_id) values (1000,1001)
insert into role_permission (role_id, permissions_id) values (1000,1002)
insert into role_permission (role_id, permissions_id) values (1000,1003)
insert into role_permission (role_id, permissions_id) values (1000,1004)
insert into role_permission (role_id, permissions_id) values (1000,1005)
insert into role_permission (role_id, permissions_id) values (1000,1006)
insert into role_permission (role_id, permissions_id) values (1000,1007)
insert into role_permission (role_id, permissions_id) values (1000,1008)
insert into role_permission (role_id, permissions_id) values (1000,1009)
insert into role_permission (role_id, permissions_id) values (1001,1002)
insert into role_permission (role_id, permissions_id) values (1001,1004)
insert into role_permission (role_id, permissions_id) values (1001,1005)
insert into role_permission (role_id, permissions_id) values (1001,1006)
insert into role_permission (role_id, permissions_id) values (1001,1007)
insert into role_permission (role_id, permissions_id) values (1001,1008)


insert into tagtype (id, version, menuorder, namelabel) values (1000, 0, 0, '[fr_FR]Input[/fr_FR][en_US]Input[/en_US]')
insert into tagtype (id, version, menuorder, namelabel) values (1001, 0, 1,'[fr_FR]Iteration[/fr_FR][en_US]Data iteration[/en_US]')
insert into tagtype (id, version, menuorder, namelabel) values (1002, 0, 3,'[fr_FR]Drag-Drop[/fr_FR][en_US]Drag and Drop[/en_US]')
insert into tagtype (id, version, menuorder, namelabel) values (1003, 0, 2,'[fr_FR]Output[/fr_FR][en_US]Output[/en_US]')
insert into library (id, version, descriptionlabel, name, usedversion) values (1000, 0, '', 'Primefaces', '3.0.M4')
insert into library (id, version, descriptionlabel, name, usedversion) values (1001, 0, '', 'RichFaces', '4.0')
insert into tag (id, version, name, type_id, library_id, documentationlabel) values (1000, 0, 'InputText', 1000, 1000, '[fr_FR]Description FR InputText[/fr_FR][en_US]Description EN InputText[/en_US]')
insert into tag (id, version, name, type_id, library_id, documentationlabel) values (1001, 0, 'Calendar', 1000, 1001, '[fr_FR]Description FR Calendar[/fr_FR][en_US]Description EN Calendar[/en_US]')
insert into tag (id, version, name, type_id, library_id, documentationlabel) values (1013, 0, 'Editor', 1000, 1001, '[fr_FR]Description FR Editor[/fr_FR][en_US]Description EN Editor[/en_US]')
insert into tag (id, version, name, type_id, library_id, documentationlabel) values (1014, 0, 'FileUpload', 1000, 1001, '[fr_FR]Description FR FileUpload[/fr_FR][en_US]Description EN FileUpload[/en_US]')
insert into tag (id, version, name, type_id, library_id) values (1002, 0, 'DataTable', 1001, 1000)
insert into tag (id, version, name, type_id, library_id) values (1003, 0, 'DataTable', 1001, 1001)
insert into tag (id, version, name, type_id, library_id) values (1004, 0, 'List', 1001, 1001)
insert into tag (id, version, name, type_id, library_id) values (1005, 0, 'DragIndicator', 1002, 1001)
insert into tag (id, version, name, type_id, library_id) values (1006, 0, 'DragSupport', 1002, 1001)
insert into tag (id, version, name, type_id, library_id) values (1007, 0, 'DragDropParameter', 1002, 1001)
insert into tag (id, version, name, type_id, library_id) values (1008, 0, 'DropSupport', 1002, 1001)
insert into tag (id, version, name, type_id, library_id) values (1009, 0, 'ModalPanel', 1003, 1001)
insert into tag (id, version, name, type_id, library_id) values (1010, 0, 'Panel', 1003, 1001)
insert into tag (id, version, name, type_id, library_id) values (1011, 0, 'PanelBar', 1003, 1001)
insert into tag (id, version, name, type_id, library_id) values (1012, 0, 'Spacer', 1003, 1001)

insert into tagdemo (id, version, slug, sourcecode, namelabel, descriptionbeforelabel, descriptionafterlabel, status, author_id) values (1000, 0, 'basic', '<?xml version="1.0" encoding="UTF-8"?><ui:composition xmlns="http://www.w3.org/1999/xhtml" xmlns:ui="http://java.sun.com/jsf/facelets" xmlns:f="http://java.sun.com/jsf/core" xmlns:h="http://java.sun.com/jsf/html" xmlns:p="http://primefaces.org/ui" xmlns:sc="http://java.sun.com/jsf/composite/components/seamfaces" xmlns:j="http://java.sun.com/jsf/composite/jui"><p:panel header="Test"><h:form><h:outputText value="Test value"/></h:form></p:panel></ui:composition>', '[fr_FR]Basique[/fr_FR][en_US]Basic[/en_US]', '[fr_FR]Description avant FR[/fr_FR][en_US]Description before EN[/en_US]', '[fr_FR]Description après FR[/fr_FR][en_US]Description after EN[/en_US]', 'RELEASE', 1000)
insert into tagdemo (id, version, slug, sourcecode, namelabel, descriptionbeforelabel, descriptionafterlabel, status, author_id) values (1001, 0, 'validation', 'file.xhtml', '[fr_FR]Validation[/fr_FR][en_US]Validation[/en_US]', '[fr_FR]Description avant FR[/fr_FR][en_US]Description before EN[/en_US]', '[fr_FR]Description après FR[/fr_FR][en_US]Description after EN[/en_US]', 'RELEASE', 1000)
insert into tagdemo (id, version, slug, sourcecode, namelabel, descriptionbeforelabel, descriptionafterlabel, status, author_id) values (1002, 0, 'basic', 'file.xhtml', '[fr_FR]Basique[/fr_FR][en_US]Basic[/en_US]', '[fr_FR]Description avant FR[/fr_FR][en_US]Description before EN[/en_US]', '[fr_FR]Description après FR[/fr_FR][en_US]Description after EN[/en_US]', 'RELEASE', 1000)
insert into tagdemo (id, version, slug, sourcecode, namelabel, descriptionbeforelabel, descriptionafterlabel, status, author_id) values (1003, 0, 'data-model-support', 'file.xhtml', '[fr_FR]Data Model supporté[/fr_FR][en_US]Data Model Support[/en_US]', '[fr_FR]Description avant FR[/fr_FR][en_US]Description before EN[/en_US]', '[fr_FR]Description après FR[/fr_FR][en_US]Description after EN[/en_US]', 'RELEASE', 1000)
insert into tagdemo (id, version, slug, sourcecode, namelabel, descriptionbeforelabel, descriptionafterlabel, status, author_id) values (1004, 0, 'i18n', 'file.xhtml', '[fr_FR]I18N[/fr_FR][en_US]I18N[/en_US]', '[fr_FR]Description avant FR[/fr_FR][en_US]Description before EN[/en_US]', '[fr_FR]Description après FR[/fr_FR][en_US]Description after EN[/en_US]', 'RELEASE', 1000)
insert into tagdemo (id, version, slug, sourcecode, namelabel, descriptionbeforelabel, descriptionafterlabel, status, author_id) values (1005, 0, 'time-picker', 'file.xhtml', '[fr_FR]Time picker[/fr_FR][en_US]Time picker[/en_US]', '[fr_FR]Description avant FR[/fr_FR][en_US]Description before EN[/en_US]', '[fr_FR]Description après FR[/fr_FR][en_US]Description after EN[/en_US]', 'RELEASE', 1000)
insert into tagdemo (id, version, slug, sourcecode, namelabel, descriptionbeforelabel, descriptionafterlabel, status, author_id) values (1006, 0, 'date-range', 'file.xhtml', '[fr_FR]Date range[/fr_FR][en_US]Date range[/en_US]', '[fr_FR]Description avant FR[/fr_FR][en_US]Description before EN[/en_US]', '[fr_FR]Description après FR[/fr_FR][en_US]Description after EN[/en_US]', 'RELEASE', 1000)
insert into tagdemo (id, version, slug, sourcecode, namelabel, descriptionbeforelabel, descriptionafterlabel, status, author_id) values (1007, 0, 'basic', 'file.xhtml', '[fr_FR]Basique[/fr_FR][en_US]Basic[/en_US]', '[fr_FR]Description avant FR[/fr_FR][en_US]Description before EN[/en_US]', '[fr_FR]Description après FR[/fr_FR][en_US]Description after EN[/en_US]', 'RELEASE', 1000)
insert into tagdemo (id, version, slug, sourcecode, namelabel, descriptionbeforelabel, descriptionafterlabel, status, author_id) values (1008, 0, 'complex', 'file.xhtml', '[fr_FR]Complexe[/fr_FR][en_US]Complexe[/en_US]', '[fr_FR]Description avant FR[/fr_FR][en_US]Description before EN[/en_US]', '[fr_FR]Description après FR[/fr_FR][en_US]Description after EN[/en_US]', 'RELEASE', 1000)

insert into tag_tagdemo (tag_id, demos_id) values (1000,1000)
insert into tag_tagdemo (tag_id, demos_id) values (1000,1001)
insert into tag_tagdemo (tag_id, demos_id) values (1001,1002)
insert into tag_tagdemo (tag_id, demos_id) values (1001,1003)
insert into tag_tagdemo (tag_id, demos_id) values (1001,1004)
insert into tag_tagdemo (tag_id, demos_id) values (1001,1005)
insert into tag_tagdemo (tag_id, demos_id) values (1001,1006)
insert into tag_tagdemo (tag_id, demos_id) values (1013,1007)
insert into tag_tagdemo (tag_id, demos_id) values (1013,1008)

insert into tagattribute (id, version, name, required, type, descriptionlabel) values (1000, 0, 'id', FALSE, 'string', '[fr_FR]Identifiant[/fr_FR][en_US]Id[/en_US]')
insert into tagattribute (id, version, name, required, type, descriptionlabel) values (1001, 0, 'rendered', FALSE, 'bool', '[fr_FR]Indique si le composant doit etre affiche[/fr_FR][en_US]Tell if the component must be display[/en_US]')
insert into tagattribute (id, version, name, required, type, descriptionlabel) values (1002, 0, 'onclick', FALSE, 'string', '[fr_FR]Methode JavaScript appellee sur l evenement onclick[/fr_FR][en_US]Javascript method called on onclick event[/en_US]')
insert into tagattribute (id, version, name, required, type, descriptionlabel) values (1003, 0, 'update', FALSE, 'string', '[fr_FR]Les id des composants a rafrachir, separes par une virgule[/fr_FR][en_US]Coma separated component id to reRender[/en_US]')

insert into tag_tagattribute (tags_id, attributes_id) values (1001, 1000)
insert into tag_tagattribute (tags_id, attributes_id) values (1001, 1001)
insert into tag_tagattribute (tags_id, attributes_id) values (1001, 1002)
insert into tag_tagattribute (tags_id, attributes_id) values (1001, 1003)

insert into jsmethod(id, version, name, returnValue, descriptionlabel) values (1000, 0, 'Method 1', 'return 1', '[fr_FR]Description 1 FR[/fr_FR][en_US]Description 1 EN[/en_US]')
insert into jsmethod(id, version, name, returnValue, descriptionlabel) values (1001, 0, 'Method 2', 'return 2', '[fr_FR]Description 2 FR[/fr_FR][en_US]Description 2 EN[/en_US]')
insert into jsmethod(id, version, name, returnValue, descriptionlabel) values (1002, 0, 'Method 3', 'return 3', '[fr_FR]Description 3 FR[/fr_FR][en_US]Description 3 EN[/en_US]')
insert into jsmethod(id, version, name, returnValue, descriptionlabel) values (1003, 0, 'Method 4', 'return 4', '[fr_FR]Description 4 FR[/fr_FR][en_US]Description 4 EN[/en_US]')

insert into tag_jsmethod(tag_id, jsmethods_id) values (1001, 1000)
insert into tag_jsmethod(tag_id, jsmethods_id) values (1001, 1001)
insert into tag_jsmethod(tag_id, jsmethods_id) values (1001, 1002)
insert into tag_jsmethod(tag_id, jsmethods_id) values (1001, 1003)

insert into tagapi (id, version, name, description) values (1001, 0, 'API 1', 'Description API 1')
insert into tagapi (id, version, name, description) values (1002, 0, 'API 2', 'Description API 2')
insert into tagapi (id, version, name, description) values (1003, 0, 'API 3', 'Description API 3')

insert into tag_tagapi (tag_id, apis_id) values (1001, 1001)

insert into tagapi_tagattribute (apis_id, attributes_id) values (1001, 1000)
insert into tagapi_tagattribute (apis_id, attributes_id) values (1001, 1001)
insert into tagapi_tagattribute (apis_id, attributes_id) values (1002, 1001)
insert into tagapi_tagattribute (apis_id, attributes_id) values (1002, 1002)